Model,Best Params,Train Accuracy,Test Accuracy,Test Jaccard,Test Precision,Test Recall,Test F1,Test ROC AUC
XGBoost,"{'colsample_bytree': 0.7, 'gamma': 0, 'learning_rate': 0.1, 'max_depth': 3, 'n_estimators': 500, 'subsample': 1.0}",1.0,0.8823529411764706,0.8571428571428571,0.880485527544351,0.8823529411764706,0.877262443438914,0.9288888888888889
SVM,"{'C': 100, 'gamma': 'auto', 'kernel': 'rbf'}",1.0,0.8529411764705882,0.8275862068965517,0.8508403361344538,0.8529411764705882,0.8423973362930078,0.9333333333333332
Decision Tree,"{'criterion': 'gini', 'max_depth': 8, 'min_samples_leaf': 2, 'min_samples_split': 2}",0.9850746268656716,0.8529411764705882,0.8214285714285714,0.8489819004524887,0.8529411764705882,0.8500576701268744,0.7933333333333333
AdaBoost,"{'learning_rate': 1, 'n_estimators': 100}",1.0,0.8529411764705882,0.8148148148148148,0.859313725490196,0.8529411764705882,0.8553105452707399,0.9244444444444444
Logistic Regression,"{'C': np.float64(10.0), 'solver': 'liblinear'}",1.0,0.8235294117647058,0.7931034482758621,0.8154372860255215,0.8235294117647058,0.815893665158371,0.9155555555555556
Gradient Boosting,"{'learning_rate': 0.01, 'max_depth': 5, 'n_estimators': 100, 'subsample': 0.7}",0.9776119402985075,0.8235294117647058,0.8,0.8202839756592292,0.8235294117647058,0.8048552754435107,0.8622222222222222
CatBoost,"{'depth': 7, 'iterations': 1000, 'l2_leaf_reg': 9, 'learning_rate': 0.1}",1.0,0.8235294117647058,0.7931034482758621,0.8154372860255215,0.8235294117647058,0.815893665158371,0.9199999999999999
Random Forest,"{'max_depth': 5, 'max_features': 'sqrt', 'min_samples_leaf': 1, 'min_samples_split': 2, 'n_estimators': 50}",0.9552238805970149,0.7941176470588235,0.7586206896551724,0.7876131221719457,0.7941176470588235,0.790080738177624,0.8977777777777778
KNN,"{'metric': 'manhattan', 'n_neighbors': 9, 'weights': 'uniform'}",0.9104477611940298,0.7647058823529411,0.7419354838709677,0.7419878296146044,0.7647058823529411,0.7398070339246811,0.8577777777777776
