Model,Best Params,Train Accuracy,Test Accuracy,Test Jaccard,Test Precision,Test Recall,Test F1,Test ROC AUC
Random Forest,"{'max_depth': 5, 'max_features': None, 'min_samples_leaf': 1, 'min_samples_split': 2, 'n_estimators': 50}",0.9925373134328358,0.8823529411764706,0.8518518518518519,0.8823529411764706,0.8823529411764706,0.8823529411764706,0.8955555555555557
XGBoost,"{'colsample_bytree': 0.7, 'gamma': 0, 'learning_rate': 0.2, 'max_depth': 5, 'n_estimators': 500, 'subsample': 1.0}",1.0,0.8823529411764706,0.8571428571428571,0.880485527544351,0.8823529411764706,0.877262443438914,0.92
Gradient Boosting,"{'learning_rate': 0.01, 'max_depth': 5, 'n_estimators': 300, 'subsample': 0.85}",1.0,0.8529411764705882,0.8214285714285714,0.8489819004524887,0.8529411764705882,0.8500576701268744,0.9066666666666667
CatBoost,"{'depth': 3, 'iterations': 100, 'l2_leaf_reg': 1, 'learning_rate': 0.2}",1.0,0.8529411764705882,0.8148148148148148,0.859313725490196,0.8529411764705882,0.8553105452707399,0.9377777777777777
Decision Tree,"{'criterion': 'gini', 'max_depth': 3, 'min_samples_leaf': 2, 'min_samples_split': 2}",0.9552238805970149,0.8235294117647058,0.8,0.8202839756592292,0.8235294117647058,0.8048552754435107,0.7444444444444445
Logistic Regression,"{'C': np.float64(10.0), 'solver': 'liblinear'}",0.9850746268656716,0.7941176470588235,0.7666666666666667,0.7804621848739496,0.7941176470588235,0.7793562708102109,0.9155555555555555
KNN,"{'metric': 'manhattan', 'n_neighbors': 9, 'weights': 'distance'}",1.0,0.7941176470588235,0.7666666666666667,0.7804621848739496,0.7941176470588235,0.7793562708102109,0.8555555555555555
AdaBoost,"{'learning_rate': 0.5, 'n_estimators': 200}",1.0,0.7941176470588235,0.7586206896551724,0.7876131221719457,0.7941176470588235,0.790080738177624,0.92
SVM,"{'C': 10, 'gamma': 'auto', 'kernel': 'rbf'}",0.9850746268656716,0.7941176470588235,0.7666666666666667,0.7804621848739496,0.7941176470588235,0.7793562708102109,0.9199999999999999
